標題,筆記,網址,標籤,留言
,,,,
甲鳥園,,https://www.google.com/maps/place/%E7%94%B2%E9%B3%A5%E5%9C%92/data=!4m2!3m1!1s0x3467fb3d911d5647:0xd6317b4f3cac42c7,,
巧宴蒜香肉羹,,https://www.google.com/maps/place/%E5%B7%A7%E5%AE%B4%E8%92%9C%E9%A6%99%E8%82%89%E7%BE%B9/data=!4m2!3m1!1s0x3467e4cfdefdc6d5:0x90c8a60cc5e67945,,
30年老店檸檬愛玉 - 叁拾 (老字號 天然手作飲料),,https://www.google.com/maps/place/30%E5%B9%B4%E8%80%81%E5%BA%97%E6%AA%B8%E6%AA%AC%E6%84%9B%E7%8E%89+-+%E5%8F%81%E6%8B%BE+(%E8%80%81%E5%AD%97%E8%99%9F+%E5%A4%A9%E7%84%B6%E6%89%8B%E4%BD%9C%E9%A3%B2%E6%96%99)/data=!4m2!3m1!1s0x3467e4cff87c8c47:0xbfc57e5dcd17c566,,
蘇澳冷泉公園,,https://www.google.com/maps/place/%E8%98%87%E6%BE%B3%E5%86%B7%E6%B3%89%E5%85%AC%E5%9C%92/data=!4m2!3m1!1s0x3467e835e0848e97:0x2313262636b0e482,,
麻古茶坊 宜蘭礁溪店,,https://www.google.com/maps/place/%E9%BA%BB%E5%8F%A4%E8%8C%B6%E5%9D%8A+%E5%AE%9C%E8%98%AD%E7%A4%81%E6%BA%AA%E5%BA%97/data=!4m2!3m1!1s0x3467fbe593af0aa5:0xed9b4ea5165644d1,,
迷客夏Milksha 宜蘭礁溪店,,https://www.google.com/maps/place/%E8%BF%B7%E5%AE%A2%E5%A4%8FMilksha+%E5%AE%9C%E8%98%AD%E7%A4%81%E6%BA%AA%E5%BA%97/data=!4m2!3m1!1s0x3467fbea1443b143:0x8086761cd8bbcb67,,
白水豆花,,https://www.google.com/maps/place/%E7%99%BD%E6%B0%B4%E8%B1%86%E8%8A%B1/data=!4m2!3m1!1s0x3467fb5a026a56e5:0x674dd60d8e807d24,,
宜蘭傳藝園區,,https://www.google.com/maps/place/%E5%AE%9C%E8%98%AD%E5%82%B3%E8%97%9D%E5%9C%92%E5%8D%80/data=!4m2!3m1!1s0x3467ef431a84178d:0x5ab3468b86b2c5ff,,
藏甜手作坊,,https://www.google.com/maps/place/%E8%97%8F%E7%94%9C%E6%89%8B%E4%BD%9C%E5%9D%8A/data=!4m2!3m1!1s0x3467fb6638f45ef9:0xf18ac46bb7179acc,,
呷七碗宜蘭傳藝店,,https://www.google.com/maps/place/%E5%91%B7%E4%B8%83%E7%A2%97%E5%AE%9C%E8%98%AD%E5%82%B3%E8%97%9D%E5%BA%97/data=!4m2!3m1!1s0x3467ef430eb7fda1:0x93088ee8b3354011,,
正好鮮肉小籠包-礁溪店,,https://www.google.com/maps/place/%E6%AD%A3%E5%A5%BD%E9%AE%AE%E8%82%89%E5%B0%8F%E7%B1%A0%E5%8C%85-%E7%A4%81%E6%BA%AA%E5%BA%97/data=!4m2!3m1!1s0x3467fb38e9634667:0x168c64343ebe4097,,
拾松辦桌小吃_礁溪,,https://www.google.com/maps/place/%E6%8B%BE%E6%9D%BE%E8%BE%A6%E6%A1%8C%E5%B0%8F%E5%90%83_%E7%A4%81%E6%BA%AA/data=!4m2!3m1!1s0x3467fb972c87a18f:0x8c0f957f8e35702f,,
"礁溪麒麟酒店 Kilin Hotel, JiaoXi",,"https://www.google.com/maps/place/%E7%A4%81%E6%BA%AA%E9%BA%92%E9%BA%9F%E9%85%92%E5%BA%97+Kilin+Hotel,+JiaoXi/data=!4m2!3m1!1s0x3467fa4995ebec93:0x3205697887a0e3b3",,
四海居小吃部,黑白切,https://www.google.com/maps/place/%E5%9B%9B%E6%B5%B7%E5%B1%85%E5%B0%8F%E5%90%83%E9%83%A8/data=!4m2!3m1!1s0x3467e4c4d0d2a189:0x31523d52d964ebcc,,
一香飲食店 麻醬麵,,https://www.google.com/maps/place/%E4%B8%80%E9%A6%99%E9%A3%B2%E9%A3%9F%E5%BA%97+%E9%BA%BB%E9%86%AC%E9%BA%B5/data=!4m2!3m1!1s0x3467e4c4d7259d77:0x9a737ef8f9a39e61,,
礁溪站,,https://www.google.com/maps/place/%E7%A4%81%E6%BA%AA%E7%AB%99/data=!4m2!3m1!1s0x3467fa4814f5e7a3:0x9751b6276a7133d7,,
